﻿{
  // first column is output CSV header column
  // second column is input XML element name
  "Company ID": "Identifier",
  "Company Name": "Name",
  "Employee": {
    "External ID": "ExternalEmployeeId",
    "Employee SSN": "SSN",
    "Last Name": "LastName",
    "First Name": "FirstName",
    "Middle Name": "MiddleName",
    "Suffix": "", // blank
    "Date of Birth": "DOB",
    "Gender": "Gender",
    "Hire Date": "HireDate",
    "Status": "EmploymentStatus",
    "Termination Date": "TerminationDate",
    "Email": "Email",
    "Phone": "Phone",
    "Address 1": "Address1",
    "Address 2": "Address2",
    "City": "City",
    "State": "State",
    "Zip Code": "ZIP",
    "Dependents": {
      "Sequence Number": "SequenceNumber",
      "Dependent SSN": "SSN",
      "Relationship": "Relationship",
      "Last Name": "LastName",
      "First Name": "FirstName",
      "Middle Name": "MiddleName",
      "Suffix": "", // ?
      "Date of Birth": "DOB",
      "Gender": "Gender",
      "Email": "Email",
      "Phone": "Phone",
      "Address 1": "Address1",
      "Address 2": "Address2",
      "City": "City",
      "State": "State",
      "Zip Code": "ZIP"
    },
    "Enrollments": {
      "Enrollment Type": "EnrollmentType",
      "Carrier": "", // hardcode to "Cyber Scout"
      "Carrier Plan Code": "CarrierPlanCode",
      "Plan Name": "Plan",
      "Coverage Level": "CoverageLevel",
      "Start Date": "StartDate",
      "Enrolled On": "EnrolledOn",
      "End Date": "EndDate",
      "Employee Cost": "EmployeeCost",
      "Employer Cost": "EmployerCost"
    }

  }
}
